Teks_Mutasi,Kategori
tf syariah ukt semester 4,UKT 1 Semester
pembayaran ukt mhs,UKT 1 Semester
bayar ukt uin,UKT 1 Semester
spp pondok mei,SPP Bulanan Pondok
syahriah ponpes bulanan,SPP Bulanan Pondok
bayar spp pesantren,SPP Bulanan Pondok
warmakan bu rebo,Makan Bulanan
makan warung,Makan Bulanan
qris burjo warmindo,Makan Bulanan
gofood mcdonalds harian,Makan Bulanan
gojek kampus,Transportasi
grab ride ke stasiun,Transportasi
transportasi,Transportasi
service motor,Transportasi
isi bensin pertamina,Transportasi
sabun,Kebutuhan Pokok Bulanan
beli sembako indomaret,Kebutuhan Pokok Bulanan
belanja bulanan alfamart,Kebutuhan Pokok Bulanan
supermarket superindo,Kebutuhan Pokok Bulanan
menabung,Tabungan Semesteran
transfer ke saku tabungan,Tabungan Semesteran
investasi reksadana bibit,Tabungan Semesteran
saldo akhir,Tabungan Semesteran
servis laptop,Kebutuhan akademik
beli sepatu,Kebutuhan akademik
servis motor,Transportasi
pdh hmps,Kebutuhan akademik
Biaya UKT semester 2,UKT 1 Semester
Makan (15.000 x 1 x 30 hari),Makan Bulanan
Transportasi (Sepeda Motor),Transportasi
SPP Pondok Pesantren,SPP Bulanan Pondok
Kuota Internet,Kebutuhan Pokok Bulanan
Makan (15.000 x 1 x 30 hari),Makan Bulanan
Transportasi (Sepeda Motor),Transportasi
SPP Pondok Pesantren,SPP Bulanan Pondok
Kuota Internet,Kebutuhan Pokok Bulanan
Makan (15.000 x 1 x 20 hari),Makan Bulanan
Transportasi (Sepeda Motor),Transportasi
SPP Pondok Pesantren,SPP Bulanan Pondok
Makan (15.000 x 1 x 30 hari),Makan Bulanan
Transportasi (Sepeda Motor),Transportasi
SPP Pondok Pesantren,SPP Bulanan Pondok
Kuota Internet,Kebutuhan Pokok Bulanan
Makan (15.000 x 1 x 30 hari),Makan Bulanan
Transportasi (Sepeda Motor),Transportasi
SPP Pondok Pesantren,SPP Bulanan Pondok
Kuota Internet,Kebutuhan Pokok Bulanan
Makan (15.000 x 1 x 30 hari),Makan Bulanan
Transportasi (Sepeda Motor),Transportasi
SPP Pondok Pesantren,SPP Bulanan Pondok
Kuota Internet,Kebutuhan Pokok Bulanan
IOH Pembayaran,Kebutuhan Pokok Bulanan
MUAMMAR FATAHILLAH BRI Transfer,SPP Bulanan Pondok
Top Up eWallet Dana DNID ARFXXX,Kebutuhan Pokok Bulanan
Google Play Pembayaran,Kebutuhan Pokok Bulanan
Top Up eWallet Dana DNID AXX SAPXXXX,Kebutuhan Pokok Bulanan
Top Up-eWallet Dana DNID FEMX AULXX,Kebutuhan Pokok Bulanan
SITI ZULAIKAH BRI Transfer,Kebutuhan Pokok Bulanan
Top Up eWallet Dana DNID BINXXXX,Kebutuhan Pokok Bulanan
Indosat Direct Top Up-Pulsa,Kebutuhan Pokok Bulanan
PT Tokopedia Pembayaran,Kebutuhan Pokok Bulanan
XL Pembayaran,Kebutuhan Pokok Bulanan
Shopee XXXXXXXXk,Makan Bulanan
ShopeePay Pembayaran,Makan Bulanan
DNID Dana Top Up eWallet,Kebutuhan Pokok Bulanan
Transfer SeaBank,Kebutuhan Pokok Bulanan
Executive Barbershop ID,Kebutuhan Lainnya
SpayLater Pembayaran,Kebutuhan Pokok Bulanan
Shopee Pembayaran,Kebutuhan Pokok Bulanan
Shopee Pembayaran,Kebutuhan Pokok Bulanan
Shopee Pembayaran,Kebutuhan Pokok Bulanan
Shopee Pembayaran,Kebutuhan Pokok Bulanan
Shopee Pembayaran,Kebutuhan Pokok Bulanan
Shopee Pembayaran,Kebutuhan Pokok Bulanan
Transfer Masuk Muhammad Yusuf Khudhori,Kebutuhan Pokok Bulanan
Shopee Pembayaran,Kebutuhan Pokok Bulanan
Shopee Pembayaran,Kebutuhan Pokok Bulanan
Shopee Pembayaran,Kebutuhan Pokok Bulanan
Shopee Pembayaran,Kebutuhan Pokok Bulanan
ShopeePay Pembayaran,Kebutuhan Pokok Bulanan
Dana Top Up eWallet,Kebutuhan Pokok Bulanan
Shopee Pembayaran,Kebutuhan Pokok Bulanan
Dana Top Up eWallet,Kebutuhan Pokok Bulanan
Shopee Pembayaran,Kebutuhan Pokok Bulanan
Transfer ke Diana Syaputri,Kebutuhan Pokok Bulanan
Shopee Pembayaran,Kebutuhan Pokok Bulanan
ShopeePay Pembayaran,Kebutuhan Pokok Bulanan
Shopee Pembayaran,Kebutuhan Pokok Bulanan
Shopee Pembayaran,Kebutuhan Pokok Bulanan
Executive Barbershop ID,Kebutuhan Pokok Bulanan
